category,quantity,component_or_norm,grid_subset,points,order,r_squared
static_L2,jump_quadrature,rho,all_grids,4,2.528024528130651,0.9917223433976281
static_L2,jump_quadrature,rho,finest_three,3,2.802540524648054,0.9992759632608202
static_L2,jump_quadrature,rhou,all_grids,4,2.5094957719593216,0.9922203235536247
static_L2,jump_quadrature,rhou,finest_three,3,2.775303827984152,0.9995118558821687
static_L2,jump_quadrature,rhov,all_grids,4,2.524849191704981,0.992246015068538
static_L2,jump_quadrature,rhov,finest_three,3,2.7912552321156694,0.9994462584812865
static_L2,jump_quadrature,rhow,all_grids,4,,
static_L2,jump_quadrature,rhow,finest_three,3,,
static_L2,jump_quadrature,rhoE,all_grids,4,2.451628121342287,0.9887728948271401
static_L2,jump_quadrature,rhoE,finest_three,3,2.76129021398086,0.9989313156252448
static_L2,jump_face,rho,all_grids,4,2.5243253261316134,0.9916293153669811
static_L2,jump_face,rho,finest_three,3,2.8005144653579532,0.999330829707608
static_L2,jump_face,rhou,all_grids,4,2.509775046647967,0.9925279560878157
static_L2,jump_face,rhou,finest_three,3,2.77021743328252,0.999524254117564
static_L2,jump_face,rhov,all_grids,4,2.52747933481566,0.9927066980356763
static_L2,jump_face,rhov,finest_three,3,2.786311634483835,0.9995046124708732
static_L2,jump_face,rhow,all_grids,4,,
static_L2,jump_face,rhow,finest_three,3,,
static_L2,jump_face,rhoE,all_grids,4,2.4488352755002536,0.988901210829162
static_L2,jump_face,rhoE,finest_three,3,2.756957066294237,0.9990247809670958
static_L2,roe_quadrature,rho,all_grids,4,2.5297864619629813,0.9921367790768704
static_L2,roe_quadrature,rho,finest_three,3,2.7964764667181012,0.9991945153805104
static_L2,roe_quadrature,rhou,all_grids,4,2.501175470353034,0.9917386145025671
static_L2,roe_quadrature,rhou,finest_three,3,2.7728931140748827,0.9993231769642749
static_L2,roe_quadrature,rhov,all_grids,4,2.511150941975916,0.9919121231550585
static_L2,roe_quadrature,rhov,finest_three,3,2.7811714513081434,0.9993505231167362
static_L2,roe_quadrature,rhow,all_grids,4,,
static_L2,roe_quadrature,rhow,finest_three,3,,
static_L2,roe_quadrature,rhoE,all_grids,4,2.47388863176938,0.9903997882562205
static_L2,roe_quadrature,rhoE,finest_three,3,2.762693767749779,0.9990837915620132
static_L2,roe_face,rho,all_grids,4,2.5207772791397685,0.9918968024926145
static_L2,roe_face,rho,finest_three,3,2.7913989050925236,0.999268382198641
static_L2,roe_face,rhou,all_grids,4,2.492642916100606,0.9915939341747726
static_L2,roe_face,rhou,finest_three,3,2.766292137412732,0.9993698385027314
static_L2,roe_face,rhov,all_grids,4,2.502962695353963,0.991738558065572
static_L2,roe_face,rhov,finest_three,3,2.775606510448089,0.9994100989256224
static_L2,roe_face,rhow,all_grids,4,,
static_L2,roe_face,rhow,finest_three,3,,
static_L2,roe_face,rhoE,all_grids,4,2.463168355358689,0.9901133737562137
static_L2,roe_face,rhoE,finest_three,3,2.755773434240726,0.9991564763359311
static_L2,central_rhs,rho,all_grids,4,2.0625895862659935,0.998601710743734
static_L2,central_rhs,rho,finest_three,3,2.124984208212175,0.9981826208913114
static_L2,central_rhs,rhou,all_grids,4,2.1259497506061256,0.9964156555673377
static_L2,central_rhs,rhou,finest_three,3,2.267399808916432,0.9986984841506716
static_L2,central_rhs,rhov,all_grids,4,2.106531952594551,0.998199193175629
static_L2,central_rhs,rhov,finest_three,3,2.214990724981404,0.9999810908456561
static_L2,central_rhs,rhow,all_grids,4,3.5259612530027895,0.898130692095227
static_L2,central_rhs,rhow,finest_three,3,2.08527886628109,0.9976001398276568
static_L2,central_rhs,rhoE,all_grids,4,2.074133253012981,0.9973686179628912
static_L2,central_rhs,rhoE,finest_three,3,2.188997812051731,0.9987544545691939
static_L2,roe_rhs,rho,all_grids,4,2.2283684709645826,0.9810483193354025
static_L2,roe_rhs,rho,finest_three,3,2.6003919811585314,0.999203293910623
static_L2,roe_rhs,rhou,all_grids,4,2.1559025124435003,0.9789694343946684
static_L2,roe_rhs,rhou,finest_three,3,2.5330630559401404,0.9986534843164774
static_L2,roe_rhs,rhov,all_grids,4,2.169738066228622,0.9789045747510094
static_L2,roe_rhs,rhov,finest_three,3,2.5508325393718483,0.998830162222851
static_L2,roe_rhs,rhow,all_grids,4,,
static_L2,roe_rhs,rhow,finest_three,3,,
static_L2,roe_rhs,rhoE,all_grids,4,2.147558762811903,0.9756024917715089
static_L2,roe_rhs,rhoE,finest_three,3,2.5558223746198365,0.9990782771493261
static_L2,total_rhs,rho,all_grids,4,2.2146566994612407,0.985892430647182
static_L2,total_rhs,rho,finest_three,3,2.5340362110891546,0.9995795774612323
static_L2,total_rhs,rhou,all_grids,4,2.158778799761382,0.9832210092010724
static_L2,total_rhs,rhou,finest_three,3,2.494780440580055,0.9987847755497224
static_L2,total_rhs,rhov,all_grids,4,2.1782542501546764,0.9851892849108285
static_L2,total_rhs,rhov,finest_three,3,2.4987334607022147,0.9993021860664805
static_L2,total_rhs,rhow,all_grids,4,3.525961253002673,0.8981306920952115
static_L2,total_rhs,rhow,finest_three,3,2.0852788662809045,0.9976001398276516
static_L2,total_rhs,rhoE,all_grids,4,2.1543820930217366,0.9813472730600996
static_L2,total_rhs,rhoE,finest_three,3,2.5113111909781978,0.9992446995519234
transient_t2,rho,L1,all_grids,4,2.1871921592861576,0.9870349609919378
transient_t2,rho,L1,finest_three,3,2.4837710052946362,0.998694304739568
transient_t2,rho,L2,all_grids,4,2.1733260363441644,0.9856137174820274
transient_t2,rho,L2,finest_three,3,2.483008517380526,0.9984030840618793
transient_t2,rho,Linf,all_grids,4,2.133310912253658,0.9712826700403842
transient_t2,rho,Linf,finest_three,3,2.5722202189039343,0.9984791682189085
transient_t2,pressure,L1,all_grids,4,2.2259749758950798,0.9829357030269117
transient_t2,pressure,L1,finest_three,3,2.5743428604430623,0.9985760185458206
transient_t2,pressure,L2,all_grids,4,2.21622102450241,0.9803573105720507
transient_t2,pressure,L2,finest_three,3,2.590974131516125,0.99879064910901
transient_t2,pressure,Linf,all_grids,4,2.118155878376487,0.9674606999833735
transient_t2,pressure,Linf,finest_three,3,2.5848718694048247,0.9987579648094774
