mesh,component,quantity,baseline_surface_order,comparison_surface_order,surface_q3_L2,comparison_L2,absolute_change,relative_change
iv40,rho,jump_quadrature,3,5,0.0010203585811791596,0.001020373562151499,1.4980972339387333e-08,1.4682066300730767e-05
iv40,rhou,jump_quadrature,3,5,0.0020451894019495815,0.0020452190899494884,2.9687999906959778e-08,1.4516014936738486e-05
iv40,rhov,jump_quadrature,3,5,0.0020672330144197383,0.0020672648341086997,3.181968896140072e-08,1.5392405567915546e-05
iv40,rhow,jump_quadrature,3,5,0.0,0.0,0.0,
iv40,rhoE,jump_quadrature,3,5,0.006077973691511616,0.0060780677899577905,9.409844617478541e-08,1.5481877834844227e-05
iv40,rho,jump_face,3,5,0.0009876665595916388,0.0009876665595916388,0.0,0.0
iv40,rhou,jump_face,3,5,0.001977071667399842,0.0019770716673998424,4.336808689942018e-19,2.220446049250313e-16
iv40,rhov,jump_face,3,5,0.0019936151877909644,0.0019936151877909644,0.0,0.0
iv40,rhow,jump_face,3,5,0.0,0.0,0.0,
iv40,rhoE,jump_face,3,5,0.005867149847118414,0.005867149847118414,0.0,0.0
iv40,rho,roe_quadrature,3,5,0.0008421398973985203,0.0008421571053643861,1.7207965865824806e-08,2.043361906856056e-05
iv40,rhou,roe_quadrature,3,5,0.0017176630688676244,0.0017177048981441392,4.182927651474877e-08,2.435243399756537e-05
iv40,rhov,roe_quadrature,3,5,0.0017252749834875587,0.0017253219870556682,4.7003568109547575e-08,2.7244102279055937e-05
iv40,rhow,roe_quadrature,3,5,4.1347820431701327e-17,4.1434908930027013e-17,8.708849832568619e-20,
iv40,rhoE,roe_quadrature,3,5,0.005488870599207421,0.005489022730415859,1.5213120843800276e-07,2.7716304417779725e-05
iv40,rho,roe_face,3,5,0.0008101128055776027,0.0008101094380281797,-3.367549422910593e-09,-4.156889509387973e-06
iv40,rhou,roe_face,3,5,0.0016617968102250026,0.0016617989365078556,2.126282852912831e-09,1.279508324847356e-06
iv40,rhov,roe_face,3,5,0.0016698458177900122,0.0016698482297879515,2.4119979392684537e-09,1.4444435010307899e-06
iv40,rhow,roe_face,3,5,7.058096631591506e-18,5.4604082563735424e-18,-1.5976883752179633e-18,
iv40,rhoE,roe_face,3,5,0.005294750312907184,0.005294757073694067,6.760786883455716e-09,1.2768849302347007e-06
iv40,rho,central_rhs,3,5,0.0017176059069810479,0.0017176059069810565,8.673617379884035e-18,5.10702591327572e-15
iv40,rhou,central_rhs,3,5,0.0036240802921783657,0.0036240789282466655,-1.3639317002211993e-09,-3.763525060485051e-07
iv40,rhov,central_rhs,3,5,0.0036289929887585114,0.003628991937332899,-1.0514256123736465e-09,-2.897293038817139e-07
iv40,rhow,central_rhs,3,5,8.419350117235505e-06,8.419825855657327e-06,4.757384218216794e-10,5.6505361482495076e-05
iv40,rhoE,central_rhs,3,5,0.011675072453619609,0.011675070888133793,-1.5654858156327611e-09,-1.3408788868130017e-07
iv40,rho,roe_rhs,3,5,0.003467528855652174,0.003467510150218815,-1.8705433358929408e-08,-5.394456437879391e-06
iv40,rhou,roe_rhs,3,5,0.007573127822654244,0.0075731511678247595,2.3345170515470803e-08,3.0826325743138483e-06
iv40,rhov,roe_rhs,3,5,0.007589023047366482,0.007589050013209191,2.6965842708955023e-08,3.553269312783769e-06
iv40,rhow,roe_rhs,3,5,6.562691339324513e-17,4.9151121233168706e-17,-1.6475792160076426e-17,
iv40,rhoE,roe_rhs,3,5,0.02403794605847685,0.02403804387079685,9.781232000044549e-08,4.069079769131179e-06
iv40,rho,total_rhs,3,5,0.0038644001747499585,0.0038643813359388875,-1.8838811071016093e-08,-4.874963828616075e-06
iv40,rhou,total_rhs,3,5,0.008510100669516218,0.008510119075869066,1.8406352848138186e-08,2.1628830919606656e-06
iv40,rhov,total_rhs,3,5,0.008336361440624388,0.008336388041175506,2.660055111770865e-08,3.190906645134106e-06
iv40,rhow,total_rhs,3,5,8.41935011723559e-06,8.419825855657373e-06,4.757384217827159e-10,5.650536147783214e-05
iv40,rhoE,total_rhs,3,5,0.026787796198415523,0.026787879278105577,8.307969005458271e-08,3.101400706473356e-06
iv80,rho,jump_quadrature,3,5,0.0001354589612695906,0.00013546087843145245,1.9171618618541494e-09,1.415308255636738e-05
iv80,rhou,jump_quadrature,3,5,0.0002813281904072618,0.00028133224313119906,4.052723937258279e-09,1.4405680182294489e-05
iv80,rhov,jump_quadrature,3,5,0.00027979791495456776,0.0002798019062190709,3.991264503145145e-09,1.4264811457831428e-05
iv80,rhow,jump_quadrature,3,5,0.0,0.0,0.0,
iv80,rhoE,jump_quadrature,3,5,0.0008155834718772848,0.0008155949998093166,1.1527932031814465e-08,1.413458269983181e-05
iv80,rho,jump_face,3,5,0.00013176606093433813,0.00013176606093433807,-5.421010862427522e-20,-4.440892098500626e-16
iv80,rhou,jump_face,3,5,0.0002732027906426907,0.0002732027906426907,0.0,0.0
iv80,rhov,jump_face,3,5,0.00027193738334036833,0.00027193738334036833,0.0,0.0
iv80,rhow,jump_face,3,5,0.0,0.0,0.0,
iv80,rhoE,jump_face,3,5,0.0007935779733831136,0.0007935779733831136,0.0,0.0
iv80,rho,roe_quadrature,3,5,0.00011173980131866322,0.00011174237716978263,2.5758511194108385e-09,2.305222569765064e-05
iv80,rhou,roe_quadrature,3,5,0.00023364046169888742,0.00023364579221950082,5.33052061339875e-09,2.2815057694414165e-05
iv80,rhov,roe_quadrature,3,5,0.00023369253266158368,0.0002336978388116096,5.306150025927939e-09,2.2705689246782512e-05
iv80,rhow,roe_quadrature,3,5,4.0254391058985306e-17,4.024925885236557e-17,-5.132206619733134e-21,
iv80,rhoE,roe_quadrature,3,5,0.0007416650058619877,0.000741682869305692,1.7863443704281556e-08,2.40855960078612e-05
iv80,rho,roe_face,3,5,0.0001083637664979729,0.0001083638053051748,3.880720190454958e-11,3.5811972165511463e-07
iv80,rhou,roe_face,3,5,0.00022780071627136121,0.000227800752334261,3.606289979097774e-11,1.583089832557505e-07
iv80,rhov,roe_face,3,5,0.0002279903823593752,0.00022799039105761721,8.698242023571015e-12,3.815179372423927e-08
iv80,rhow,roe_face,3,5,7.259714664152824e-18,5.7198441732576e-18,-1.5398704908952235e-18,
iv80,rhoE,roe_face,3,5,0.000721926767585785,0.0007219268753949985,1.0780921348794298e-10,1.4933538738937102e-07
iv80,rho,central_rhs,3,5,0.00035703941769581416,0.0003570394176958225,8.348356728138384e-18,2.3314683517128287e-14
iv80,rhou,central_rhs,3,5,0.0006901724987663565,0.000690172469035663,-2.973069349303942e-11,-4.307719236873453e-08
iv80,rhov,central_rhs,3,5,0.00078071859971118,0.0007807185820868335,-1.7624346535134727e-11,-2.2574518587781256e-08
iv80,rhow,central_rhs,3,5,2.2622230332698195e-06,2.2622382797299143e-06,1.524646009478029e-11,6.739591928095479e-06
iv80,rhoE,central_rhs,3,5,0.0023594545644010055,0.002359454513691494,-5.070951167654436e-11,-2.1492048363214167e-08
iv80,rho,roe_rhs,3,5,0.000530344835801623,0.0005303442293778681,-6.064237548534732e-10,-1.1434517956931955e-06
iv80,rhou,roe_rhs,3,5,0.0011853238520954416,0.0011853238739367644,2.184132280418083e-11,1.8426460135501088e-08
iv80,rhov,roe_rhs,3,5,0.001181366574587924,0.0011813667252276567,1.5063973267566422e-10,1.2751311562197998e-07
iv80,rhow,roe_rhs,3,5,1.2979337085383065e-16,9.65465913758025e-17,-3.324677947802814e-17,
iv80,rhoE,roe_rhs,3,5,0.003772190402928128,0.0037721904427278673,3.9799739458973304e-11,1.0550829987465704e-08
iv80,rho,total_rhs,3,5,0.0006346551174756475,0.0006346541438400896,-9.736355579192599e-10,-1.5341175563232667e-06
iv80,rhou,total_rhs,3,5,0.00137732490963677,0.0013773245266883011,-3.829484689424345e-10,-2.7803785895841315e-07
iv80,rhov,total_rhs,3,5,0.0013795291252897005,0.0013795294248600046,2.995703041099723e-10,2.1715402631627967e-07
iv80,rhow,total_rhs,3,5,2.2622230332704057e-06,2.2622382797300176e-06,1.524645961197151e-11,6.739591714710613e-06
iv80,rhoE,total_rhs,3,5,0.0043789985489903855,0.00437899809068408,-4.5830630523296945e-10,-1.0466007238640884e-07
iv80,rho,jump_quadrature,3,7,0.0001354589612695906,0.0001354608784314524,1.9171618617999393e-09,1.4153082555923291e-05
iv80,rhou,jump_quadrature,3,7,0.0002813281904072618,0.0002813322431311991,4.052723937312489e-09,1.4405680182516534e-05
iv80,rhov,jump_quadrature,3,7,0.00027979791495456776,0.0002798019062190708,3.991264503036725e-09,1.4264811457609383e-05
iv80,rhow,jump_quadrature,3,7,0.0,0.0,0.0,
iv80,rhoE,jump_quadrature,3,7,0.0008155834718772848,0.0008155949998093167,1.1527932031922886e-08,1.413458269983181e-05
iv80,rho,jump_face,3,7,0.00013176606093433813,0.00013176606093433813,0.0,0.0
iv80,rhou,jump_face,3,7,0.0002732027906426907,0.00027320279064269086,1.6263032587282567e-19,6.661338147750939e-16
iv80,rhov,jump_face,3,7,0.00027193738334036833,0.0002719373833403683,-5.421010862427522e-20,-2.220446049250313e-16
iv80,rhow,jump_face,3,7,0.0,0.0,0.0,
iv80,rhoE,jump_face,3,7,0.0007935779733831136,0.000793577973383114,3.2526065174565133e-19,4.440892098500626e-16
iv80,rho,roe_quadrature,3,7,0.00011173980131866322,0.00011174235508019908,2.5537615358576767e-09,2.28545380045464e-05
iv80,rhou,roe_quadrature,3,7,0.00023364046169888742,0.00023364578266537713,5.320966489711894e-09,2.277416527518561e-05
iv80,rhov,roe_quadrature,3,7,0.00023369253266158368,0.00023369785900270138,5.326341117700651e-09,2.279208949063083e-05
iv80,rhow,roe_quadrature,3,7,4.0254391058985306e-17,4.025518073266e-17,7.8967367469451815e-22,
iv80,rhoE,roe_quadrature,3,7,0.0007416650058619877,0.0007416828840122887,1.787815030100757e-08,2.4105425171283557e-05
iv80,rho,roe_face,3,7,0.0001083637664979729,0.00010836378353336287,1.7035389971494647e-11,1.5720559121135125e-07
iv80,rhou,roe_face,3,7,0.00022780071627136121,0.00022780074209061946,2.5819258243995474e-11,1.1334142691055149e-07
iv80,rhov,roe_face,3,7,0.0002279903823593752,0.00022799041013538395,2.777600876082212e-11,1.2182973896379679e-07
iv80,rhow,roe_face,3,7,7.259714664152824e-18,4.446036203667988e-18,-2.813678460484836e-18,
iv80,rhoE,roe_face,3,7,0.000721926767585785,0.0007219268851091782,1.1752339325234867e-10,1.6279129488872002e-07
iv80,rho,central_rhs,3,7,0.00035703941769581416,0.000357039417695829,1.485356976305141e-17,4.1522341120980855e-14
iv80,rhou,central_rhs,3,7,0.0006901724987663565,0.0006901724690348481,-2.973150837939226e-11,-4.307837309092122e-08
iv80,rhov,central_rhs,3,7,0.00078071859971118,0.0007807185820867949,-1.7624385132732068e-11,-2.2574567992705852e-08
iv80,rhow,central_rhs,3,7,2.2622230332698195e-06,2.262238282091446e-06,1.5248821626448884e-11,6.740635826840702e-06
iv80,rhoE,central_rhs,3,7,0.0023594545644010055,0.002359454513689333,-5.071167270831456e-11,-2.1492964297209483e-08
iv80,rho,roe_rhs,3,7,0.000530344835801623,0.000530344294700224,-5.411013989306546e-10,-1.0202822058325012e-06
iv80,rhou,roe_rhs,3,7,0.0011853238520954416,0.001185324089739781,2.376443393199007e-10,2.0048895410518242e-07
iv80,rhov,roe_rhs,3,7,0.001181366574587924,0.0011813667148518627,1.4026393870165965e-10,1.1873024141628719e-07
iv80,rhow,roe_rhs,3,7,1.2979337085383065e-16,6.68317589592902e-17,-6.296161189454045e-17,
iv80,rhoE,roe_rhs,3,7,0.003772190402928128,0.003772190438483223,3.555509532626733e-11,9.42558342487132e-09
iv80,rho,total_rhs,3,7,0.0006346551174756475,0.0006346545031168632,-6.143587843315812e-10,-9.680199015704716e-07
iv80,rhou,total_rhs,3,7,0.00137732490963677,0.0013773249859632883,7.632651823942516e-11,5.5416494504356706e-08
iv80,rhov,total_rhs,3,7,0.0013795291252897005,0.0013795296750872012,5.49797500712032e-10,3.9853997324534873e-07
iv80,rhow,total_rhs,3,7,2.2622230332704057e-06,2.2622382820910144e-06,1.5248820608738798e-11,6.740635376978332e-06
iv80,rhoE,total_rhs,3,7,0.0043789985489903855,0.00437899944674041,8.977500244936043e-10,2.050126335362279e-07
