mesh_type,level,mpi_ranks,old_dt,new_dt,old_rho_point_L2V,new_rho_point_L2V,relative_change_percent
tet,10,1,0.2,0.1,0.04133442272264797,0.04131455616585385,-0.048062983551091745
tet,20,4,0.1,0.05,0.016932814489866613,0.016899028695201705,-0.19952852306465205
tet,40,8,0.05,0.025,0.003624427180001211,0.003617685752164965,-0.1859998146312201
tet,80,16,0.025,0.0125,0.0006210724437808605,0.0006196475367096482,-0.22942687048520147
prism,10,1,0.2,0.1,0.03412934280502964,0.03404373778979012,-0.25082526706873726
prism,20,4,0.1,0.05,0.010411619705994836,0.010369589651609482,-0.4036841103709719
prism,40,8,0.05,0.025,0.002069285217328135,0.002062352527596878,-0.33502823454218067
prism,80,16,0.025,0.0125,0.00032036932308417154,0.00031925335099241935,-0.34833924828033225
hex,10,1,0.2,0.1,0.0368801623523025,0.036808463933431686,-0.194409173652509
hex,20,4,0.1,0.05,0.011365287164647691,0.011328086370097457,-0.3273194421866348
hex,40,8,0.05,0.025,0.0021821622592097393,0.0021760954079654933,-0.278020170985959
hex,80,16,0.025,0.0125,0.00033078849611383284,0.0003297953613797481,-0.3002325491219586
