mesh_type,level,mode,method,nodes,cells,mpi_ranks,dt,steps,h,rho_point_L2V_t0,rho_point_L2V_final,observed_order_t0,mass_drift,initialization_seconds,march_seconds,last_step_core_seconds,initialization_peak_rss_sum_mib,final_peak_rss_sum_mib
tet,10,traditional,ls,1000,6000,1,0.1,1,0.7368062997280773,0.004437177428763057,0.01039268226946158,,-2.2737367544323206e-13,6.674877522,2.320362580000001,1.386232573,332.75390625,332.75390625
tet,20,traditional,ls,8000,48000,4,0.05,1,0.3684031498640387,0.00042964297957782304,0.0016540865636308928,3.3684320166792814,1.4779288903810084e-12,44.081132199,10.338229884,6.107545771999995,1883.3671875,1883.3671875
tet,40,traditional,ls,64000,384000,8,0.025,1,0.18420157493201936,3.110202417368632e-05,0.00014507887076437438,3.7880579397347174,-7.389644451905042e-12,24.12262236,5.813003558999998,3.432736447,10035.2265625,10035.2265625
tet,80,traditional,ls,512000,3072000,16,0.0125,1,0.09210078746600968,2.0254556557945924e-06,1.0016517544382059e-05,3.9406900715915127,3.5072389437118545e-11,113.919703748,23.96345193900001,14.082025451000007,68938.2109375,68938.2109375
tet,10,traditional,svdls,1000,6000,1,0.1,1,0.7368062997280773,0.004437177428763056,0.010392682269461582,,-2.2737367544323206e-13,8.322734905,2.4041816869999995,1.4650607300000011,333.57421875,333.57421875
tet,20,traditional,svdls,8000,48000,4,0.05,1,0.3684031498640387,0.0004296429795778226,0.0016540865636308928,3.3684320166792827,1.4779288903810084e-12,53.523829334,9.878531502999998,6.096610724999998,1874.6640625,1874.6640625
tet,40,traditional,svdls,64000,384000,8,0.025,1,0.18420157493201936,3.110202417368609e-05,0.0001450788707643742,3.7880579397347263,-7.389644451905042e-12,29.741012847,5.866566435999999,3.472590184000005,10039.99609375,10039.99609375
tet,80,traditional,svdls,512000,3072000,16,0.0125,1,0.09210078746600968,2.025455655794576e-06,1.0016517544382074e-05,3.9406900715915136,3.5072389437118545e-11,136.311559637,24.870993064999993,14.836616538000015,68911.2578125,68911.2578125
tet,10,traditional,variational,1000,6000,1,0.1,1,0.7368062997280773,0.0051421116942576015,0.010609246229976605,,-4.547473508864641e-13,7.301487539,2.8142925330000006,1.6411813420000003,333.58203125,333.58203125
tet,20,traditional,variational,8000,48000,4,0.05,1,0.3684031498640387,0.00030338032078384465,0.0009288112909571278,4.083161536807101,1.8189894035458565e-12,47.387100994,16.018050661000004,9.604479606000005,1883.7734375,1883.7734375
tet,40,traditional,variational,64000,384000,8,0.025,1,0.18420157493201936,9.74128797491677e-06,2.9881840664202788e-05,4.960871160468133,-7.275957614183426e-12,246.921071949,57.20680323800002,34.17763434599999,10034.92578125,10034.92578125
tet,80,traditional,variational,512000,3072000,16,0.0125,1,0.09210078746600968,4.493444910271733e-07,7.596494690021135e-07,4.43821871549432,3.4503955248510465e-11,115.811806664,26.88098919800001,15.908730063999982,68904.90625,68904.90625
tet,10,efficient,ls,1000,6000,1,0.1,1,0.7368062997280773,0.0018332045165390509,0.011326292401187219,,-1.1368683772161603e-12,6.497771198,0.1835857239999994,0.09397658099999973,263.08203125,263.08203125
tet,20,efficient,ls,8000,48000,4,0.05,1,0.3684031498640387,0.00044285634122377384,0.002352620280223848,2.049457063294792,1.1368683772161603e-12,78.413434341,1.3024730110000036,0.7004690059999916,1314.66015625,1314.66015625
tet,40,efficient,ls,64000,384000,8,0.025,1,0.18420157493201936,4.5118314597813794e-05,0.00023734765677204295,3.295053695105698,-7.389644451905042e-12,175.165638202,0.4477158659999816,0.24136853499999233,5555.92578125,5555.92578125
tet,80,efficient,ls,512000,3072000,16,0.0125,1,0.09210078746600968,3.2699573080964395e-06,1.7195885895140656e-05,3.7863694712054956,2.5295321393059567e-11,169.506102884,1.9486632799999768,1.0178637790000096,33206.5234375,33206.5234375
tet,10,efficient,svdls,1000,6000,1,0.1,1,0.7368062997280773,0.001833204516539052,0.011326292401187219,,-1.1368683772161603e-12,8.40921573,0.19323141399999955,0.09477288999999978,263.09375,263.09375
tet,20,efficient,svdls,8000,48000,4,0.05,1,0.3684031498640387,0.00044285634122377416,0.002352620280223848,2.049457063294792,1.1368683772161603e-12,39.124766266,0.11690345500000632,0.06295182699999913,1314.87890625,1314.87890625
tet,40,efficient,svdls,64000,384000,8,0.025,1,0.18420157493201936,4.5118314597813875e-05,0.00023734765677204262,3.295053695105696,-7.389644451905042e-12,28.251934753,0.4327424240000006,0.22497600299999831,5535.36328125,5535.36328125
tet,80,efficient,svdls,512000,3072000,16,0.0125,1,0.09210078746600968,3.269957308096457e-06,1.7195885895140653e-05,3.7863694712054907,2.5295321393059567e-11,127.864951893,1.9271471589999862,1.0311077450000141,33166.44921875,33166.44921875
tet,10,efficient,variational,1000,6000,1,0.1,1,0.7368062997280773,0.0028194310890034655,0.010579434764190576,,-4.547473508864641e-13,2.465102172,7.717933346000001,4.664524536000001,264.59765625,267.59765625
tet,20,efficient,variational,8000,48000,4,0.05,1,0.3684031498640387,0.0005899415907291163,0.0009172905262776084,2.256760054326354,9.094947017729282e-13,2.38457536,6.598634672,3.928482094,1425.39453125,1449.89453125
tet,40,efficient,variational,64000,384000,8,0.025,1,0.18420157493201936,6.696958769829444e-05,5.8709802773309846e-05,3.1389941312141376,-6.821210263296962e-12,11.663029764000001,23.817919771999996,14.272143007,6165.20703125,6361.20703125
tet,80,efficient,variational,512000,3072000,16,0.0125,1,0.09210078746600968,4.5080902954531645e-06,4.253172048784942e-06,3.8929177684680507,2.6204816094832495e-11,63.028545233,81.24582889199999,48.56623347600001,36678.07421875,38239.57421875
prism,10,traditional,ls,512,1024,1,0.1,1,0.9210078746600967,0.003068130375185486,0.0056686978031757936,,0.0,1.704568525,0.617509842,0.38788531199999987,238.703125,238.703125
prism,20,traditional,ls,3896,7792,4,0.05,1,0.46825276195257787,0.00030634700353068833,0.0008814371666648943,3.4061201229248095,-1.7053025658242404e-13,1.246645273,0.3689107679999999,0.21540834799999997,1044.41015625,1044.6171875
prism,40,traditional,ls,30416,60832,8,0.025,1,0.23604019455678024,3.187716748430914e-05,7.825737726213544e-05,3.303369630108383,-1.9326762412674725e-12,5.173750925,1.4493417299999996,0.8445972240000001,3526.02734375,3526.02734375
prism,80,traditional,ls,239968,479936,16,0.0125,1,0.11856838008967703,3.6445538283313407e-06,7.447102070569141e-06,3.1497711210824524,1.0516032489249483e-11,23.012509735,5.810964718999998,3.398479848000001,18080.38671875,18080.38671875
prism,10,traditional,svdls,512,1024,1,0.1,1,0.9210078746600967,0.003068130375185485,0.005668697803175795,,1.1368683772161603e-13,2.178283946,0.600856345,0.37538270900000015,238.3984375,238.3984375
prism,20,traditional,svdls,3896,7792,4,0.05,1,0.46825276195257787,0.00030634700353068854,0.0008814371666648943,3.4061201229248077,-1.7053025658242404e-13,1.546468184,0.38845806699999996,0.22314198899999993,1044.30859375,1044.30859375
prism,40,traditional,svdls,30416,60832,8,0.025,1,0.23604019455678024,3.187716748430915e-05,7.825737726213546e-05,3.3033696301083832,-1.9326762412674725e-12,5.931901453,1.4501880689999993,0.8503530530000001,3544.61328125,3544.61328125
prism,80,traditional,svdls,239968,479936,16,0.0125,1,0.11856838008967703,3.644553828331279e-06,7.447102070569234e-06,3.149771121082477,1.0516032489249483e-11,26.890202112,5.731998784000002,3.331264276999999,18080.81640625,18080.81640625
prism,10,traditional,variational,512,1024,1,0.1,1,0.9210078746600967,0.002119395252898618,0.0038103860292661392,,-2.2737367544323206e-13,1.809198852,0.6782831590000002,0.3957348289999998,239.35546875,239.35546875
prism,20,traditional,variational,3896,7792,4,0.05,1,0.46825276195257787,0.00015807093857808763,0.00033415330541442927,3.83738998367398,5.684341886080802e-14,1.339029082,0.43208187900000006,0.25691995899999975,1045.09375,1045.14453125
prism,40,traditional,variational,30416,60832,8,0.025,1,0.23604019455678024,8.18232863616804e-06,1.3718004680162865e-05,4.3226870273383495,-2.3874235921539366e-12,5.181290473,1.623385968,0.9523014009999997,3537.19921875,3537.19921875
prism,80,traditional,variational,239968,479936,16,0.0125,1,0.11856838008967703,6.460492747625792e-07,1.0500787928891983e-06,3.687452518189511,1.0231815394945443e-11,23.652908268,6.524452828000001,3.7688264810000014,18063.73046875,18063.73046875
prism,10,efficient,ls,512,1024,1,0.1,1,0.9210078746600967,0.0023633623002913334,0.006263761249017751,,-1.7053025658242404e-13,1.61892783,0.0911959830000002,0.06678352500000018,225.0,225.0
prism,20,efficient,ls,3896,7792,4,0.05,1,0.46825276195257787,0.0003137753970422445,0.0011453319722841797,2.984895070218031,5.684341886080802e-14,1.163798622,0.04834981599999999,0.024310666999999953,933.54296875,934.2265625
prism,40,efficient,ls,30416,60832,8,0.025,1,0.23604019455678024,2.9721226090050895e-05,0.00010021653141959057,3.4405764351012054,-5.684341886080802e-14,4.698357713,0.1871526570000004,0.09521579899999999,2669.69140625,2669.69140625
prism,80,efficient,ls,239968,479936,16,0.0125,1,0.11856838008967703,2.674133044805549e-06,7.676348509939848e-06,3.4977390574999636,8.640199666842818e-12,21.28249196,0.805865660000002,0.4217410689999994,11234.43359375,11234.43359375
prism,10,efficient,svdls,512,1024,1,0.1,1,0.9210078746600967,0.0023633623002913347,0.006263761249017751,,-1.7053025658242404e-13,1.998805429,0.089484122,0.020207222999999885,224.36328125,224.36328125
prism,20,efficient,svdls,3896,7792,4,0.05,1,0.46825276195257787,0.000313775397042244,0.0011453319722841801,2.984895070218034,5.684341886080802e-14,1.400745673,0.0477869769999999,0.02388587700000011,939.8203125,940.50390625
prism,40,efficient,svdls,30416,60832,8,0.025,1,0.23604019455678024,2.97212260900506e-05,0.00010021653141959028,3.440576435101217,-5.684341886080802e-14,5.405108207,0.2033431290000003,0.11347265900000014,2669.08203125,2669.08203125
prism,80,efficient,svdls,239968,479936,16,0.0125,1,0.11856838008967703,2.674133044805537e-06,7.676348509939807e-06,3.497739057499956,8.640199666842818e-12,25.045217566,0.8183730559999987,0.4310864790000011,11208.6484375,11208.6484375
prism,10,efficient,variational,512,1024,1,0.1,1,0.9210078746600967,0.001215142457620758,0.003821082251058001,,-2.8421709430404007e-13,0.710584111,3.2721135529999996,1.9370293809999999,231.5,233.0
prism,20,efficient,variational,3896,7792,4,0.05,1,0.46825276195257787,0.00034501628701431576,0.0002724970980562331,1.8611955300761873,-6.252776074688882e-13,0.622207872,2.5288238400000003,1.5055667819999998,1037.57421875,1050.07421875
prism,40,efficient,variational,30416,60832,8,0.025,1,0.23604019455678024,2.8055080837621155e-05,2.4922998474707438e-05,3.663356796366198,-1.7053025658242404e-13,2.624000337,8.934482349,5.349334649,3309.8359375,3408.8359375
prism,80,efficient,variational,239968,479936,16,0.0125,1,0.11856838008967703,2.061728968810458e-06,1.917098993064058e-06,3.791689628210022,8.924416761146858e-12,12.952788824,32.333620578,19.295421964000003,15713.59765625,16433.09765625
hex,10,traditional,ls,1000,1000,1,0.1,1,0.7368062997280773,0.002845151443337863,0.005820752709009544,,-1.5347723092418164e-12,2.078937392,0.8291228309999998,0.5549633549999999,251.5,251.5
hex,20,traditional,ls,8000,8000,4,0.05,1,0.3684031498640387,0.0002242836358138936,0.0006985997771743774,3.665109179728396,2.2737367544323206e-12,1.519210599,0.5436980510000002,0.314574401,1165.97265625,1165.97265625
hex,40,traditional,ls,64000,64000,8,0.025,1,0.18420157493201936,1.5278417057163017e-05,5.461631664169949e-05,3.8757573786356825,-7.389644451905042e-12,5.985363507,2.125524413999999,1.2344909500000005,4411.4765625,4415.4765625
hex,80,traditional,ls,512000,512000,16,0.0125,1,0.09210078746600968,9.782981977647618e-07,3.6231911348374887e-06,3.965076984296477,2.9899638320785016e-11,26.461025752,8.437199114999999,4.924207977000002,25861.93359375,25861.93359375
hex,10,traditional,svdls,1000,1000,1,0.1,1,0.7368062997280773,0.0028451514433378623,0.005820752709009545,,-1.5347723092418164e-12,2.195736893,0.8830964760000004,0.5047958070000003,250.140625,250.140625
hex,20,traditional,svdls,8000,8000,4,0.05,1,0.3684031498640387,0.00022428363581389392,0.0006985997771743767,3.6651091797283932,2.2737367544323206e-12,1.596347347,0.5596141170000002,0.3299858050000002,1163.49609375,1164.49609375
hex,40,traditional,svdls,64000,64000,8,0.025,1,0.18420157493201936,1.52784170571631e-05,5.461631664169931e-05,3.8757573786356776,-7.389644451905042e-12,6.420355427,2.0907189309999996,1.2139819860000003,4404.3828125,4409.3828125
hex,80,traditional,svdls,512000,512000,16,0.0125,1,0.09210078746600968,9.782981977647383e-07,3.6231911348374696e-06,3.9650769842965192,2.9899638320785016e-11,27.894674498,8.389020163000001,4.847330747000001,25887.15234375,25887.15234375
hex,10,traditional,variational,1000,1000,1,0.1,1,0.7368062997280773,0.0030531348596819123,0.005042455269171034,,-9.663381206337363e-13,2.160875935,0.901560398,0.5675480130000001,250.93359375,250.93359375
hex,20,traditional,variational,8000,8000,4,0.05,1,0.3684031498640387,0.0001327320654747729,0.0002752368028488943,4.523702471202736,2.3874235921539366e-12,1.581449544,0.6128886279999999,0.36146284799999995,1158.4453125,1160.4453125
hex,40,traditional,variational,64000,64000,8,0.025,1,0.18420157493201936,3.832622036713944e-06,6.3379937458744275e-06,5.114041399239698,-8.242295734817162e-12,6.319270672,2.4291389709999995,1.4171917520000008,4404.75390625,4412.5390625
hex,80,traditional,variational,512000,512000,16,0.0125,1,0.09210078746600968,1.6766257722364546e-07,3.2819213229859275e-07,4.51469911408985,3.007016857736744e-11,26.97903581,9.58630308,5.603974677999997,25866.1953125,25866.1953125
hex,10,efficient,ls,1000,1000,1,0.1,1,0.7368062997280773,0.0014775315491381967,0.0065411661303249324,,3.979039320256561e-13,1.905910928,0.12838659099999994,0.08715036499999984,233.296875,233.296875
hex,20,efficient,ls,8000,8000,4,0.05,1,0.3684031498640387,0.000299858733128862,0.0010924567188125716,2.300834040233888,-2.6147972675971687e-12,1.333207062,0.09874482799999984,0.05014089900000007,1017.9296875,1018.453125
hex,40,efficient,ls,64000,64000,8,0.025,1,0.18420157493201936,2.7627121316172126e-05,9.814928718582641e-05,3.440125841153568,-5.343281372915953e-12,5.436943002,0.4202902670000004,0.22799420800000014,3284.39453125,3284.39453125
hex,80,efficient,ls,512000,512000,16,0.0125,1,0.09210078746600968,1.933423143855973e-06,6.806699156388405e-06,3.836855922782612,3.0809133022557944e-11,24.040719578,1.699136437,0.8907159470000003,17064.828125,17064.828125
hex,10,efficient,svdls,1000,1000,1,0.1,1,0.7368062997280773,0.0014775315491381967,0.006541166130324934,,3.979039320256561e-13,1.986789037,0.13514954899999987,0.09535696599999977,233.75390625,233.75390625
hex,20,efficient,svdls,8000,8000,4,0.05,1,0.3684031498640387,0.000299858733128862,0.0010924567188125719,2.300834040233888,-2.6147972675971687e-12,1.4205603,0.09835292899999981,0.04976731699999992,1028.125,1028.625
hex,40,efficient,svdls,64000,64000,8,0.025,1,0.18420157493201936,2.7627121316172126e-05,9.814928718582658e-05,3.440125841153568,-5.343281372915953e-12,5.915072494,0.39703404400000064,0.20432698200000043,3259.9921875,3259.9921875
hex,80,efficient,svdls,512000,512000,16,0.0125,1,0.09210078746600968,1.9334231438559765e-06,6.80669915638849e-06,3.8368559227826093,3.0809133022557944e-11,25.864509906,1.7070164990000016,0.8898299690000009,17054.16796875,17054.16796875
hex,10,efficient,variational,1000,1000,1,0.1,1,0.7368062997280773,0.002448945930030305,0.005438567924673544,,6.252776074688882e-13,1.108314467,4.360100196,2.4268457569999997,253.765625,256.765625
hex,20,efficient,variational,8000,8000,4,0.05,1,0.3684031498640387,0.00052680074880043,0.0004492764474064961,2.2168316197996036,-1.9326762412674725e-12,0.993273299,6.11336542,3.6533045420000003,1268.9140625,1293.9140625
hex,40,efficient,variational,64000,64000,8,0.025,1,0.18420157493201936,4.2531555664317696e-05,3.972047531122791e-05,3.630651866181124,-6.139089236967266e-12,3.968312289,20.389858003,12.226474574000001,5128.84765625,5331.84765625
hex,80,efficient,variational,512000,512000,16,0.0125,1,0.09210078746600968,2.7484897047249276e-06,2.7028822923491077e-06,3.9518226445042424,3.035438567167148e-11,17.859222865,64.75881991,38.87414042499999,29615.85546875,31106.35546875
