mesh_type,mode,method,order_iv10_iv20,order_iv20_iv40,order_iv40_iv80
tet,traditional,ls,1.70476132001657,2.313847890867062,2.722938446162458
tet,traditional,svdls,1.7047613200165692,2.3138478908670628,2.722938446162455
tet,efficient,ls,1.2875219473259203,2.2239968823491654,2.54491953972288
tet,efficient,svdls,1.2875219473259203,2.2239968823491645,2.5449195397228843
prism,traditional,ls,2.003914282909418,2.4018282042021575,2.7843063199968974
prism,traditional,svdls,2.0039142829094185,2.4018282042021597,2.784306319996905
prism,efficient,ls,1.755069681805379,2.3586930704333757,2.709442010770708
prism,efficient,svdls,1.7550696818053795,2.358693070433377,2.7094420107707062
hex,traditional,ls,2.063126427286031,2.465638659439396,2.844718936845894
hex,traditional,svdls,2.063126427286032,2.4656386594394033,2.84471893684591
hex,efficient,ls,1.6982108698227794,2.3808038515793637,2.721777412587489
hex,efficient,svdls,1.698210869822779,2.380803851579366,2.7217774125874983
