mesh_type,level,mode,method,nodes,cells,mpi_ranks,dt,steps,end_time,h,rho_point_L2V_t0,rho_point_L1V_final,rho_point_L2V_final,rho_point_Linf_final,entropy_L1V_final,observed_order_t0,observed_order_final,mass_drift,initialization_seconds,march_seconds,last_step_core_seconds,initialization_peak_rss_sum_mib,final_peak_rss_sum_mib
tet,10,traditional,ls,1000,6000,1,0.2,8,1.6,0.7368062997280773,0.004437177428763057,0.013635302298341546,0.03549325185551488,0.22228572725595053,0.007821630059227338,,,1.0231815394945443e-12,1.978936881,3.560500342,0.4000764649999997,333.23046875,333.23046875
tet,20,traditional,ls,8000,48000,4,0.1,16,1.6,0.3684031498640387,0.00042964297957782304,0.004339484783293949,0.010888335594986968,0.07768270173439418,0.003324050873694441,3.3684320166792814,1.70476132001657,6.252776074688882e-13,5.569781158,15.284121536,0.9062067559999996,1866.90625,1866.90625
tet,40,traditional,ls,64000,384000,8,0.05,32,1.6,0.18420157493201936,3.110202417368632e-05,0.0008871800710903425,0.002189897952123807,0.017777573921153533,0.0006730298859422139,3.7880579397347174,2.313847890867062,-6.195932655828074e-12,23.930036649,114.78476994399999,3.5106535510000185,10027.62890625,10027.62890625
tet,80,traditional,ls,512000,3072000,16,0.025,64,1.6,0.09210078746600968,2.0254556557945924e-06,0.00013092028807183993,0.00033169408642959596,0.002865395091708578,9.80481895856801e-05,3.9406900715915127,2.722938446162458,2.9046987037872896e-11,113.012508715,910.1923254000001,14.038405492999914,68900.75390625,68900.75390625
tet,10,traditional,svdls,1000,6000,1,0.2,8,1.6,0.7368062997280773,0.004437177428763056,0.013635302298341562,0.035493251855514864,0.22228572725595053,0.007821630059227341,,,1.0800249583553523e-12,2.501268927,3.447269471,0.400489071,333.76171875,333.76171875
tet,20,traditional,svdls,8000,48000,4,0.1,16,1.6,0.3684031498640387,0.0004296429795778226,0.004339484783293953,0.010888335594986972,0.07768270173439451,0.003324050873694445,3.3684320166792827,1.7047613200165692,6.252776074688882e-13,7.067287243,14.937119578,0.8856603619999994,1864.37109375,1864.37109375
tet,40,traditional,svdls,64000,384000,8,0.05,32,1.6,0.18420157493201936,3.110202417368609e-05,0.0008871800710903441,0.0021898979521238066,0.01777757392115331,0.0006730298859422059,3.7880579397347263,2.3138478908670628,-6.195932655828074e-12,29.105092483,124.71762947599998,3.7998177599999963,10037.3046875,10037.3046875
tet,80,traditional,svdls,512000,3072000,16,0.025,64,1.6,0.09210078746600968,2.025455655794576e-06,0.00013092028807183968,0.00033169408642959655,0.002865395091708578,9.804818958568361e-05,3.9406900715915136,2.722938446162455,2.9046987037872896e-11,133.900895101,909.429367403,14.131923898999958,68925.99609375,68925.99609375
tet,10,efficient,ls,1000,6000,1,0.2,8,1.6,0.7368062997280773,0.0018332045165390509,0.016236250662754602,0.04133442272264797,0.24600817529995767,0.009126540555491463,,,0.0,1.694485228,0.21765856699999997,0.023698014000000045,262.6484375,262.6484375
tet,20,efficient,ls,8000,48000,4,0.1,16,1.6,0.3684031498640387,0.00044285634122377384,0.006476639812933649,0.016932814489866613,0.12485147217532,0.004530903153623612,2.049457063294792,1.2875219473259203,0.0,4.901449328,1.0099968490000002,0.06740328499999926,1291.06640625,1291.06640625
tet,40,efficient,ls,64000,384000,8,0.05,32,1.6,0.18420157493201936,4.5118314597813794e-05,0.0014812071244332252,0.003624427180001211,0.02674174526477391,0.0011555434312052332,3.295053695105698,2.2239968823491654,-8.412825991399586e-12,22.385193068,7.612129341999999,0.23029089899999988,5545.53125,5545.53125
tet,80,efficient,ls,512000,3072000,16,0.025,64,1.6,0.09210078746600968,3.2699573080964395e-06,0.0002415961054771073,0.0006210724437808605,0.005179253554398966,0.00017892187892793322,3.7863694712054956,2.54491953972288,2.1998403099132702e-11,112.957530809,63.99998646099999,0.9774081759999831,33163.984375,33163.984375
tet,10,efficient,svdls,1000,6000,1,0.2,8,1.6,0.7368062997280773,0.001833204516539052,0.016236250662754588,0.04133442272264798,0.24600817529995767,0.009126540555491454,,,0.0,2.248211085,0.21210068199999998,0.023606357999999883,262.4765625,262.4765625
tet,20,efficient,svdls,8000,48000,4,0.1,16,1.6,0.3684031498640387,0.00044285634122377416,0.006476639812933654,0.016932814489866613,0.12485147217532,0.004530903153623622,2.049457063294792,1.2875219473259203,0.0,6.279474533,0.9977053000000007,0.05925764699999991,1298.2109375,1298.2109375
tet,40,efficient,svdls,64000,384000,8,0.05,32,1.6,0.18420157493201936,4.5118314597813875e-05,0.0014812071244332313,0.0036244271800012135,0.02674174526477402,0.0011555434312052319,3.295053695105696,2.2239968823491645,-8.412825991399586e-12,28.113338789,7.611124706000002,0.22966136200000165,5540.99609375,5540.99609375
tet,80,efficient,svdls,512000,3072000,16,0.025,64,1.6,0.09210078746600968,3.269957308096457e-06,0.00024159610547710463,0.000621072443780859,0.005179253554398966,0.00017892187892793544,3.7863694712054907,2.5449195397228843,2.1998403099132702e-11,133.362162466,63.94752459,0.9856106459999978,33156.1328125,33156.1328125
prism,10,traditional,ls,512,1024,1,0.2,8,1.6,0.9210078746600967,0.003068130375185486,0.011494701209031044,0.028945881778298425,0.22651889570589623,0.006643295908147492,,,-2.8421709430404007e-13,0.47642482799999997,0.8664127019999999,0.09934366699999986,238.5,238.96875
prism,20,traditional,ls,3896,7792,4,0.1,16,1.6,0.46825276195257787,0.00030634700353068833,0.0031880114798292143,0.007462268009038602,0.05350903452255307,0.002448877787918163,3.4061201229248095,2.003914282909418,-6.821210263296962e-13,1.278308301,3.6281375220000003,0.21706807699999953,1053.84765625,1054.34765625
prism,40,traditional,ls,30416,60832,8,0.05,32,1.6,0.23604019455678024,3.187716748430914e-05,0.0006023033251387468,0.0014399268873213204,0.010252248843236389,0.0004324997833970086,3.303369630108383,2.4018282042021575,-2.9558577807620168e-12,5.113517252,27.282669530000003,0.8380119850000014,3531.8515625,3531.8515625
prism,80,traditional,ls,239968,479936,16,0.025,64,1.6,0.11856838008967703,3.6445538283313407e-06,8.63834606478988e-05,0.00021173141633842532,0.0016335783430799777,6.496213061073172e-05,3.1497711210824524,2.7843063199968974,8.526512829121202e-12,22.7870342,220.05047869900002,3.412358243,18078.38671875,18078.38671875
prism,10,traditional,svdls,512,1024,1,0.2,8,1.6,0.9210078746600967,0.003068130375185485,0.01149470120903102,0.02894588177829842,0.22651889570589612,0.006643295908147456,,,-2.8421709430404007e-13,0.607921897,0.8958258370000001,0.10220002600000022,238.5546875,238.5546875
prism,20,traditional,svdls,3896,7792,4,0.1,16,1.6,0.46825276195257787,0.00030634700353068854,0.0031880114798292164,0.007462268009038597,0.053509034522552956,0.0024488777879181586,3.4061201229248077,2.0039142829094185,-6.821210263296962e-13,1.5259213169999999,3.70211316,0.2221609770000006,1061.26953125,1061.55078125
prism,40,traditional,svdls,30416,60832,8,0.05,32,1.6,0.23604019455678024,3.187716748430915e-05,0.0006023033251387464,0.0014399268873213176,0.010252248843236056,0.00043249978339700783,3.3033696301083832,2.4018282042021597,-2.9558577807620168e-12,5.774583658,27.20913011,0.8286162320000017,3530.29296875,3530.29296875
prism,80,traditional,svdls,239968,479936,16,0.025,64,1.6,0.11856838008967703,3.644553828331279e-06,8.638346064790074e-05,0.00021173141633842375,0.0016335783430799777,6.496213061073057e-05,3.149771121082477,2.784306319996905,8.526512829121202e-12,26.63903637,214.08013522000002,3.303098110999997,18071.02734375,18071.02734375
prism,10,efficient,ls,512,1024,1,0.2,8,1.6,0.9210078746600967,0.0023633623002913334,0.014099003326173906,0.03412934280502964,0.26369293217949885,0.007541808664777871,,,-5.115907697472721e-13,0.423916634,0.09264915299999998,0.0099916550000001,224.0,224.0
prism,20,efficient,ls,3896,7792,4,0.1,16,1.6,0.46825276195257787,0.0003137753970422445,0.004282479514482592,0.010411619705994836,0.07694528604279638,0.003287743199418857,2.984895070218031,1.755069681805379,-9.663381206337363e-13,1.148941312,0.4081508009999999,0.023591545000000158,947.0546875,947.6484375
prism,40,efficient,ls,30416,60832,8,0.05,32,1.6,0.23604019455678024,2.9721226090050895e-05,0.000856732502361541,0.002069285217328135,0.014561687652103084,0.00065036594168857,3.4405764351012054,2.3586930704333757,-1.1937117960769683e-12,4.575789125,3.1243073809999995,0.09317518800000002,2650.54296875,2650.54296875
prism,80,efficient,ls,239968,479936,16,0.025,64,1.6,0.11856838008967703,2.674133044805549e-06,0.00013024367606253863,0.00032036932308417154,0.0023757715619976416,9.93356108089586e-05,3.4977390574999636,2.709442010770708,7.389644451905042e-12,20.764998436,25.188075385,0.3915903739999962,11221.6640625,11221.6640625
prism,10,efficient,svdls,512,1024,1,0.2,8,1.6,0.9210078746600967,0.0023633623002913347,0.014099003326173936,0.03412934280502963,0.26369293217949874,0.007541808664777879,,,-5.115907697472721e-13,0.559017066,0.09196192599999997,0.01019451799999993,224.0,224.0
prism,20,efficient,svdls,3896,7792,4,0.1,16,1.6,0.46825276195257787,0.000313775397042244,0.004282479514482595,0.01041161970599483,0.07694528604279594,0.0032877431994188513,2.984895070218034,1.7550696818053795,-9.663381206337363e-13,1.413067737,0.4063126399999999,0.023680081000000186,935.39453125,935.39453125
prism,40,efficient,svdls,30416,60832,8,0.05,32,1.6,0.23604019455678024,2.97212260900506e-05,0.0008567325023615375,0.002069285217328132,0.014561687652102973,0.000650365941688576,3.440576435101217,2.358693070433377,-1.2505552149377763e-12,5.500221242,3.1401130839999993,0.09377057399999877,2680.015625,2680.015625
prism,80,efficient,svdls,239968,479936,16,0.025,64,1.6,0.11856838008967703,2.674133044805537e-06,0.0001302436760625379,0.00032036932308417143,0.0023757715619976416,9.933561080895797e-05,3.497739057499956,2.7094420107707062,7.44648787076585e-12,24.436690789,25.627279706,0.3893512460000039,11261.66796875,11261.66796875
hex,10,traditional,ls,1000,1000,1,0.2,8,1.6,0.7368062997280773,0.002845151443337863,0.01216491952570947,0.031002096793774272,0.22117609188126885,0.006909192058572016,,,-1.1937117960769683e-12,0.5510357880000001,1.162504338,0.13395994499999997,250.0,250.0
hex,20,traditional,ls,8000,8000,4,0.1,16,1.6,0.3684031498640387,0.0002242836358138936,0.0031292109000517774,0.007418705451420957,0.05758665830766663,0.0023001211164178177,3.665109179728396,2.063126427286031,1.6484591469634324e-12,1.492090761,5.142481809,0.3081627109999996,1176.1015625,1176.1015625
hex,40,traditional,ls,64000,64000,8,0.05,32,1.6,0.18420157493201936,1.5278417057163017e-05,0.000555398183574999,0.0013430646963977573,0.009286650909734462,0.0004019223898931471,3.8757573786356825,2.465638659439396,-7.16227077646181e-12,6.077150728,39.769418243,1.2067252900000014,4408.5390625,4415.5390625
hex,80,traditional,ls,512000,512000,16,0.025,64,1.6,0.09210078746600968,9.782981977647618e-07,7.703871914492666e-05,0.0001869610783165756,0.0013317235635739166,5.976219015499341e-05,3.965076984296477,2.844718936845894,2.6943780540023e-11,25.775227906,312.905725709,4.833989035999991,25879.23828125,25879.23828125
hex,10,traditional,svdls,1000,1000,1,0.2,8,1.6,0.7368062997280773,0.0028451514433378623,0.012164919525709455,0.03100209679377427,0.22117609188126908,0.006909192058572047,,,-1.1937117960769683e-12,0.586343361,1.166966904,0.13664365099999998,249.5,249.5
hex,20,traditional,svdls,8000,8000,4,0.1,16,1.6,0.3684031498640387,0.00022428363581389392,0.003129210900051774,0.007418705451420952,0.05758665830766718,0.00230012111641782,3.6651091797283932,2.063126427286032,1.5916157281026244e-12,1.587040794,5.343617661,0.3192577380000001,1163.8359375,1164.3359375
hex,40,traditional,svdls,64000,64000,8,0.05,32,1.6,0.18420157493201936,1.52784170571631e-05,0.0005553981835750004,0.001343064696397749,0.009286650909734795,0.00040192238989314563,3.8757573786356776,2.4656386594394033,-7.16227077646181e-12,6.435962712,39.898062896999996,1.2171861749999948,4416.1015625,4423.6015625
hex,80,traditional,svdls,512000,512000,16,0.025,64,1.6,0.09210078746600968,9.782981977647383e-07,7.703871914492612e-05,0.00018696107831657239,0.0013317235635735836,5.976219015499377e-05,3.9650769842965192,2.84471893684591,2.6943780540023e-11,27.497864763,313.0224514,4.839790379000021,25898.484375,25898.484375
hex,10,efficient,ls,1000,1000,1,0.2,8,1.6,0.7368062997280773,0.0014775315491381967,0.015720917789127445,0.0368801623523025,0.24010159873476677,0.00856512100578989,,,3.410605131648481e-13,0.482155985,0.17487400799999997,0.01921425199999993,231.9765625,231.9765625
hex,20,efficient,ls,8000,8000,4,0.1,16,1.6,0.3684031498640387,0.000299858733128862,0.0047252469722880155,0.011365287164647691,0.08750321646887771,0.003388509151951689,2.300834040233888,1.6982108698227794,-2.8990143619012088e-12,1.322390098,0.8626923819999999,0.0502836689999997,1023.9453125,1024.2421875
hex,40,efficient,ls,64000,64000,8,0.05,32,1.6,0.18420157493201936,2.7627121316172126e-05,0.0009217335021565876,0.0021821622592097393,0.01584410389813362,0.0006840783200639392,3.440125841153568,2.3808038515793637,-6.707523425575346e-12,5.500838116,6.676085733,0.19840703299999873,3273.1484375,3273.1484375
hex,80,efficient,ls,512000,512000,16,0.025,64,1.6,0.09210078746600968,1.933423143855973e-06,0.00013776249320347558,0.00033078849611383284,0.0025191819527818904,0.00010443389357675779,3.836855922782612,2.721777412587489,2.5352164811920375e-11,23.749435198,53.668086516,0.8054891980000036,17041.89453125,17041.89453125
hex,10,efficient,svdls,1000,1000,1,0.2,8,1.6,0.7368062997280773,0.0014775315491381967,0.01572091778912743,0.036880162352302515,0.24010159873476666,0.008565121005789928,,,2.8421709430404007e-13,0.507396936,0.17073191,0.019125710000000073,232.17578125,232.17578125
hex,20,efficient,svdls,8000,8000,4,0.1,16,1.6,0.3684031498640387,0.000299858733128862,0.0047252469722880224,0.011365287164647696,0.08750321646887771,0.0033885091519516943,2.300834040233888,1.698210869822779,-2.9558577807620168e-12,1.397000297,0.8479898639999999,0.04956835599999998,1035.76171875,1036.19921875
hex,40,efficient,svdls,64000,64000,8,0.05,32,1.6,0.18420157493201936,2.7627121316172126e-05,0.0009217335021565773,0.002182162259209737,0.015844103898133843,0.0006840783200639384,3.440125841153568,2.380803851579366,-6.707523425575346e-12,5.883190601,6.590598961,0.19850546700000038,3259.56640625,3259.56640625
hex,80,efficient,svdls,512000,512000,16,0.025,64,1.6,0.09210078746600968,1.9334231438559765e-06,0.00013776249320347322,0.0003307884961138304,0.0025191819527824455,0.00010443389357675832,3.8368559227826093,2.7217774125874983,2.523847797419876e-11,25.129837644,53.643401997999995,0.8259468709999993,17065.109375,17065.109375
