mesh_type,level,ablated_component,nodes,mpi_ranks,dt,steps,final_time,h,full_rho_point_L2V,rho_point_L2V,rho_error_change_percent,full_pressure_point_L2V,pressure_point_L2V,pressure_error_change_percent,observed_order,baseline_rho_difference,mass_drift,component_rhs_validation_max_mismatch_t0
tet,10,full,1000,1,0.2,8,1.6,0.7368062997280773,0.0354932518555149,0.0354932518555149,0.0,0.05532604090067264,0.05532604090067264,0.0,,2.0816681711721685e-17,1.0231815394945443e-12,0.0
tet,20,full,8000,4,0.1,16,1.6,0.3684031498640387,0.010888335594986963,0.010888335594986963,0.0,0.018468067288506418,0.018468067288506418,0.0,1.7047613200165717,-5.204170427930421e-18,6.252776074688882e-13,0.0
tet,40,full,64000,8,0.05,32,1.6,0.18420157493201936,0.002189897952123798,0.002189897952123798,0.0,0.0033776297967437465,0.0033776297967437465,0.0,2.313847890867067,-9.107298248878237e-18,-6.195932655828074e-12,0.0
tet,80,full,512000,16,0.025,64,1.6,0.09210078746600968,0.0003316940864296131,0.0003316940864296131,0.0,0.0004978523166436607,0.0004978523166436607,0.0,2.7229384461623773,1.713039432527097e-17,2.9046987037872896e-11,0.0
tet,10,rho,1000,1,0.2,8,1.6,0.7368062997280773,0.0354932518555149,0.055150444728854414,55.382901948121166,0.05532604090067264,0.07269100259527568,31.38659736339804,,2.0816681711721685e-17,1.7053025658242404e-13,6.948211266327026e-16
tet,20,rho,8000,4,0.1,16,1.6,0.3684031498640387,0.010888335594986963,0.026356650989831643,142.06317632206668,0.018468067288506418,0.03145458366998487,70.31876253537692,1.0652054538233677,-5.204170427930421e-18,1.7053025658242404e-12,1.7799347065694526e-15
tet,40,rho,64000,8,0.05,32,1.6,0.18420157493201936,0.002189897952123798,0.006999064126234944,219.60686202054026,0.0033776297967437465,0.005976440574421855,76.94184780651598,1.9129331344644216,-9.107298248878237e-18,-6.366462912410498e-12,4.3038489438984584e-15
tet,80,rho,512000,16,0.025,64,1.6,0.09210078746600968,0.0003316940864296131,0.001015467202450849,206.1457059368876,0.0004978523166436607,0.0008666674311391099,74.0812289439299,2.7850183820055356,1.713039432527097e-17,3.518607627484016e-11,8.892479900401914e-15
tet,10,mx,1000,1,0.2,8,1.6,0.7368062997280773,0.0354932518555149,0.028054069552188886,-20.95942725566331,0.05532604090067264,0.05552226978599324,0.3546772588931324,,2.0816681711721685e-17,-2.8421709430404007e-13,7.216449660063518e-16
tet,20,mx,8000,4,0.1,16,1.6,0.3684031498640387,0.010888335594986963,0.016256493681820885,49.3019161652718,0.018468067288506418,0.021338555589322183,15.542981601557248,0.7871939447803364,-5.204170427930421e-18,1.0231815394945443e-12,2.914335439641036e-15
tet,40,mx,64000,8,0.05,32,1.6,0.18420157493201936,0.002189897952123798,0.006043468026193325,175.97030356287942,0.0033776297967437465,0.00485055412138423,43.60822272649529,1.4275675414989775,-9.107298248878237e-18,-7.44648787076585e-12,6.772360450213455e-15
tet,80,mx,512000,16,0.025,64,1.6,0.09210078746600968,0.0003316940864296131,0.0008925137619539724,169.07738137905199,0.0004978523166436607,0.0007115155286076623,42.9169865884006,2.7594303536492064,1.713039432527097e-17,3.234390533179976e-11,1.5210055437364645e-14
tet,10,my,1000,1,0.2,8,1.6,0.7368062997280773,0.0354932518555149,0.031398692583610596,-11.536162672759144,0.05532604090067264,0.04208374518547197,-23.935014144559318,,2.0816681711721685e-17,-5.684341886080802e-14,9.020291024536276e-16
tet,20,my,8000,4,0.1,16,1.6,0.3684031498640387,0.010888335594986963,0.014783734150629628,35.77588623771042,0.018468067288506418,0.02025121260080468,9.655289232176468,1.0866937689512477,-5.204170427930421e-18,1.0800249583553523e-12,2.220446049250313e-15
tet,40,my,64000,8,0.05,32,1.6,0.18420157493201936,0.002189897952123798,0.006185934938659667,182.47594517636992,0.0033776297967437465,0.005926608517046417,75.46649199862136,1.2569471538562709,-9.107298248878237e-18,-6.0822458181064576e-12,6.106226635438361e-15
tet,80,my,512000,16,0.025,64,1.6,0.09210078746600968,0.0003316940864296131,0.0009107721425742544,174.58196568346844,0.0004978523166436607,0.0007721461632550636,55.09542437415822,2.7638295896605247,1.713039432527097e-17,3.268496584496461e-11,1.6098260962119082e-14
tet,10,mz,1000,1,0.2,8,1.6,0.7368062997280773,0.0354932518555149,0.03551585113782972,0.06367205351265337,0.05532604090067264,0.055369933178968114,0.07933384999347926,,2.0816681711721685e-17,-7.389644451905042e-13,1.6653345369377348e-15
tet,20,mz,8000,4,0.1,16,1.6,0.3684031498640387,0.010888335594986963,0.010913505105856165,0.23116031508791934,0.018468067288506418,0.018512282491137906,0.23941434661658434,1.7023485314503881,-5.204170427930421e-18,7.389644451905042e-13,4.024558469436153e-15
tet,40,mz,64000,8,0.05,32,1.6,0.18420157493201936,0.002189897952123798,0.0021907289810832536,0.03794829611352135,0.0033776297967437465,0.003381796772368298,0.12336981479050824,2.3166316063390138,-9.107298248878237e-18,-6.764366844436154e-12,7.216517422699298e-15
tet,80,mz,512000,16,0.025,64,1.6,0.09210078746600968,0.0003316940864296131,0.0003317019031571214,0.002356607436837521,0.0004978523166436607,0.0004979683563061275,0.02330804911163664,2.723451822237437,1.713039432527097e-17,3.285549610154703e-11,1.6098248795946633e-14
tet,10,E,1000,1,0.2,8,1.6,0.7368062997280773,0.0354932518555149,0.08962225269518881,152.50504817090578,0.05532604090067264,0.07264620773739715,31.305632130481854,,2.0816681711721685e-17,-5.684341886080801e-13,2.5721612340046107e-15
tet,20,E,8000,4,0.1,16,1.6,0.3684031498640387,0.010888335594986963,0.0458601992835946,321.18649708692703,0.018468067288506418,0.020463511793416603,10.80483666069405,0.9666143656239706,-5.204170427930421e-18,9.663381206337363e-13,7.322267792098103e-15
tet,40,E,64000,8,0.05,32,1.6,0.18420157493201936,0.002189897952123798,0.009451968078221042,331.61682803778024,0.0033776297967437465,0.003532731640207203,4.592032069736729,2.2785559620312954,-9.107298248878237e-18,-7.560174708487466e-12,1.8263168755083825e-14
tet,80,E,512000,16,0.025,64,1.6,0.09210078746600968,0.0003316940864296131,0.0014584383715429959,339.6938116207516,0.0004978523166436607,0.0006476534456796725,30.089471119852675,2.696190332635209,1.713039432527097e-17,3.3026026358129457e-11,4.0799828793236514e-14
