mesh_type,level,method,nodes,mpi_ranks,dt,steps,end_time,h,full_roe_rho_point_L2V,no_roe_rho_point_L2V,error_ratio_no_roe_to_full,error_reduction_fraction,observed_order_full_roe,observed_order_no_roe,rho_mean_L2V_no_roe,mass_drift_no_roe,rhs_decomposition_max_mismatch_t0
tet,10,ls,1000,1,0.2,8,1.6,0.7368062997280773,0.03549325185551488,0.04071054584242398,1.1469939696747862,-0.14699396967478617,,,0.03325313079917869,-1.1368683772161603e-12,2.220446049250313e-15
tet,20,ls,8000,4,0.1,16,1.6,0.3684031498640387,0.010888335594986968,0.011484887282436811,1.0547881429852783,-0.05478814298527834,1.70476132001657,1.8256658675373412,0.010409153626337573,1.4779288903810084e-12,7.771561172376096e-15
tet,40,ls,64000,8,0.05,32,1.6,0.18420157493201936,0.002189897952123807,0.0007459214172988464,0.3406192587994508,0.6593807412005492,2.313847890867062,3.944569236542245,0.000715152035501372,-1.0402345651527867e-11,1.6604773112049998e-14
tet,80,ls,512000,16,0.025,64,1.6,0.09210078746600968,0.00033169408642959596,5.124747582382855e-05,0.15450222937485542,0.8454977706251445,2.722938446162458,3.863470798745532,5.068541973540271e-05,3.143441063002683e-11,3.9766800963292326e-14
prism,10,ls,512,1,0.2,8,1.6,0.9210078746600967,0.028945881778298425,0.03019893224455605,1.0432894211292285,-0.04328942112922851,,,0.027187843846946447,-2.2737367544323206e-13,3.6637359812630166e-15
prism,20,ls,3896,4,0.1,16,1.6,0.46825276195257787,0.007462268009038602,0.006642084705244701,0.8900892727518682,0.10991072724813178,2.003914282909418,2.2386836115943196,0.006127136155835862,-4.547473508864641e-13,7.827072323607354e-15
prism,40,ls,30416,8,0.05,32,1.6,0.23604019455678024,0.0014399268873213204,0.001547053433583289,1.0743972122510017,-0.07439721225100171,2.4018282042021575,2.1270959394977083,0.0013542024046833863,-2.4442670110147446e-12,1.669497873280079e-14
prism,80,ls,239968,16,0.025,64,1.6,0.11856838008967703,0.00021173141633842532,0.00036377471790995076,1.7180951424256468,-0.7180951424256468,2.7843063199968974,2.102464537291272,0.00031543359960442086,8.640199666842818e-12,4.506117701197354e-14
hex,10,ls,1000,1,0.2,8,1.6,0.7368062997280773,0.031002096793774272,0.0349745118737415,1.1281337551582948,-0.12813375515829484,,,0.029468113093532984,-1.3073986337985843e-12,3.219646771412954e-15
hex,20,ls,8000,4,0.1,16,1.6,0.3684031498640387,0.007418705451420957,0.007768161182153893,1.047104677901183,-0.047104677901183,2.063126427286031,2.1706588816052887,0.007033064846772791,1.2505552149377763e-12,7.327471962526033e-15
hex,40,ls,64000,8,0.05,32,1.6,0.18420157493201936,0.0013430646963977573,0.00045979215260205544,0.3423454981992059,0.6576545018007941,2.465638659439396,4.07851938714482,0.00044325592789258176,-7.389644451905042e-12,1.7263968032921184e-14
hex,80,ls,512000,16,0.025,64,1.6,0.09210078746600968,0.0001869610783165756,3.11717865139569e-05,0.16672874800804605,0.833271251991954,2.844718936845894,3.882669097373983,3.087321647579844e-05,3.0809133022557944e-11,3.9468428525424315e-14
