n,time,mode,cells,momentum_rhs_l2,momentum_rhs_relative_l2,momentum_rhs_l1,momentum_rhs_linf,mass_rhs_l2,wall_seconds,order_vs_previous,maximum_rings
8,0.0,Efficient,512,0.9652383198340169,68.25265614157487,0.8949077469659726,1.3816717328458303,0.013581543185370937,1.0095200054347515,,4
8,0.0,Traditional,512,0.6330024311286624,44.76003115586505,0.5864764436998269,0.9264791903034318,0.008999928700825688,1.0849227271974087,,4
8,8.0,Efficient,512,0.819042809713463,67.96396715313462,0.7594155947146792,1.1751590395665747,0.009881863977642453,1.009835439734161,,4
8,8.0,Traditional,512,0.5363985654137695,44.5102185727309,0.4969884418775148,0.7868547399760585,0.006555588668915558,1.0873825754970312,,4
16,0.0,Efficient,4096,0.14330984831310423,10.133536555301664,0.13662645897245324,0.20623217009187592,0.0027846930854742375,3.523861637338996,2.7517474358761715,4
16,0.0,Traditional,4096,0.08911743885748882,6.301554533811108,0.08488463919343833,0.13113370434588414,0.001702561707973955,3.8763392344117165,2.8284313636920615,4
16,8.0,Efficient,4096,0.12152265605827328,10.083919554334235,0.11590198945476661,0.1750394611399415,0.002025640818300326,3.526644831523299,2.752713553051345,4
16,8.0,Traditional,4096,0.07553714912739609,6.2680537100765,0.07198180498115545,0.11122413879803962,0.0012387950701948432,3.8167964788153768,2.828047138105163,4
32,0.0,Efficient,32768,0.018657266964411886,1.319267998894369,0.017837554778172008,0.026911898011155923,0.0003985675061654794,7.923683769069612,2.941328184018573,4
32,0.0,Traditional,32768,0.011478747897916938,0.8116700478148074,0.01095829138077219,0.017059411945117214,0.00023658835238203884,8.615596700459719,2.956742490330772,4
32,8.0,Efficient,32768,0.015815548488637705,1.3123702512773727,0.015129987277713104,0.02282159138104523,0.0002899364433693007,7.975049860775471,2.9418098125480747,4
32,8.0,Traditional,32768,0.009726096609813922,0.8070690599785176,0.009292572591261924,0.014404866784430374,0.00017210635481498888,8.616330496966839,2.9572535084495364,4
64,0.0,Efficient,262144,0.0023456925309492567,0.16586550952123388,0.002240907894265576,0.0034318041569050203,5.1582102167558785e-05,31.12605848442763,2.9916518414194644,4
64,0.0,Traditional,262144,0.0014542976257868759,0.10283437130570762,0.0013848946358796738,0.0022100212421432446,3.0371008006803307e-05,33.66838788241148,2.9805708255138845,4
64,8.0,Efficient,262144,0.001986443501477418,0.16483458408378182,0.0018994607424126606,0.0028949036378790455,3.752374800708283e-05,31.15237925108522,2.9930839239612617,4
64,8.0,Traditional,262144,0.0012293374094487248,0.102010110246983,0.0011724653298323148,0.001855425562752404,2.209227453203541e-05,33.752145630307496,2.983979983411693,4
128,0.0,Efficient,2097152,0.0002930141928503345,0.02071923227484724,0.0002787117659471379,0.0004427149742807622,6.504380212193704e-06,255.15151109732687,3.0009714680815986,4
128,0.0,Traditional,2097152,0.0001876074495115427,0.013265849975078738,0.00017678522177356403,0.000301287381011067,3.821747501453754e-06,290.87371966056526,2.954533530162263,4
128,8.0,Efficient,2097152,0.0002471793821960337,0.020510883208156094,0.00023558589188178182,0.00036987004534631097,4.731673732650594e-06,294.1710999729112,3.0065574459637308,4
128,8.0,Traditional,2097152,0.00015714745469899404,0.013040056420376422,0.0001486788592782263,0.0002485396837752741,2.779954417527826e-06,301.647114074789,2.9676901283427823,4
256,0.0,Efficient,16777216,3.74551010963642e-05,0.0026484755975215053,3.5027864022576334e-05,6.105771625338685e-05,8.148294896026947e-07,1630.600872900337,2.9677364256262924,2
256,8.0,Efficient,16777216,3.113631270827519e-05,0.0025836834278678694,2.928753115002036e-05,4.981670642379899e-05,5.927561120721167e-07,1928.701275382191,2.988888400036072,2
